{
  "6202819748": {
    "rengginang": {
      "type": "audio",
      "data": {
        "duration": 65,
        "file_name": "rengginang.mp3",
        "mime_type": "audio/mpeg",
        "file_id": "CQACAgUAAyEGAASKsGJmAAMVZ7gwdCYCaEEekOCmPqAsTls6y9QAAoQZAALVOMBVSvl1IDSt_us2BA",
        "file_unique_id": "AgADhBkAAtU4wFU",
        "file_size": 1046806
      }
    },
    "yaping": {
      "type": "file",
      "data": {
        "file_name": "twitter-meme.mp4",
        "mime_type": "video/mp4",
        "file_id": "CgACAgQAAxkBAAIE7We4QpxQh7p2nUAgKiogkMctLcnKAALvAgACk2IVU--QWtcZ4ouxNgQ",
        "file_unique_id": "AgAD7wIAApNiFVM",
        "file_size": 71214
      }
    },
    "whehe": {
      "type": "text",
      "data": "kamu jangan yaping terus nanti lama lama sikma kamu ya 😡🥵🔥"
    },
    "bunga maaf": {
      "type": "audio",
      "data": {
        "duration": 252,
        "file_name": "data.mp3",
        "mime_type": "audio/mpeg",
        "title": "Bunga Maaf",
        "performer": "The Lantis",
        "file_id": "CQACAgUAAxkDAAIKSGe9mpAbt3CY0hQYLsy4h-BE2cJIAAJAEgACRUnxVQOP3IOLHgEmNgQ",
        "file_unique_id": "AgADQBIAAkVJ8VU",
        "file_size": 4188062
      }
    }
  }
}